{
"attribute_modifiers": [
{
"amount": 4.0,
"attribute": "minecraft:generic.max_health",
"operation": "addition"
},
{
"amount": 0.05,
"attribute": "skilltree:incoming_healing",
"operation": "multiply_base"
}
],
"background_texture": "skilltree:textures/icons/background/notable.png",
"button_size": 20,
"connections": [],
"icon_texture": "skilltree:textures/icons/alchemist_subclass_2_life_notable_1.png",
"position": {
"x": -207,
"y": 429
},
"tooltip_texture": "skilltree:textures/tooltip/notable.png",
"tree": "skilltree:tree"
}
