{
"attribute_modifiers": [
{
"amount": 0.01,
"attribute": "skilltree:evasion_chance",
"operation": "multiply_base"
}
],
"background_texture": "skilltree:textures/icons/background/lesser.png",
"button_size": 16,
"connections": [
"skilltree:alchemist_subclass_2_defensive_2",
"skilltree:alchemist_gateway",
"skilltree:hunter_subclass_1_defensive_1"
],
"icon_texture": "skilltree:textures/icons/alchemist_subclass_2_defensive_1.png",
"position": {
"x": -202,
"y": 209
},
"tooltip_texture": "skilltree:textures/tooltip/lesser.png",
"tree": "skilltree:tree"
}
