{
"attribute_modifiers": [
{
"amount": 0.4,
"attribute": "skilltree:brewed_potions_duration",
"operation": "multiply_base"
}
],
"background_texture": "skilltree:textures/icons/background/class.png",
"button_size": 24,
"connections": [
"skilltree:alchemist_defensive_1",
"skilltree:alchemist_offensive_1",
"skilltree:alchemist_defensive_crafting_1",
"skilltree:alchemist_offensive_crafting_1",
"skilltree:alchemist_crafting_1"
],
"icon_texture": "skilltree:textures/icons/alchemist_class.png",
"position": {
"x": -312,
"y": 140
},
"starting_point": true,
"tooltip_texture": "skilltree:textures/tooltip/keystone.png",
"tree": "skilltree:tree"
}
