{
"attribute_modifiers": [
{
"amount": 0.05,
"attribute": "skilltree:brewed_potions_duration",
"operation": "multiply_base"
}
],
"background_texture": "skilltree:textures/icons/background/lesser.png",
"button_size": 16,
"connections": [
"skilltree:alchemist_lesser_3",
"skilltree:alchemist_lesser_6"
],
"icon_texture": "skilltree:textures/icons/alchemist_lesser_1.png",
"position": {
"x": -308,
"y": 343
},
"tooltip_texture": "skilltree:textures/tooltip/lesser.png",
"tree": "skilltree:tree"
}
