{
"attribute_modifiers": [
{
"amount": 0.1,
"attribute": "skilltree:brewed_healing_potions_strength",
"operation": "multiply_base"
}
],
"background_texture": "skilltree:textures/icons/background/lesser.png",
"button_size": 16,
"connections": [
"skilltree:hunter_subclass_special"
],
"icon_texture": "skilltree:textures/icons/alchemist_subclass_2_crafting_1.png",
"position": {
"x": -124,
"y": 377
},
"tooltip_texture": "skilltree:textures/tooltip/lesser.png",
"tree": "skilltree:tree"
}
