{
"attribute_modifiers": [
{
"amount": 0.05,
"attribute": "skilltree:damage_against_poisoned",
"operation": "multiply_base"
}
],
"background_texture": "skilltree:textures/icons/background/lesser.png",
"button_size": 16,
"connections": [
"skilltree:alchemist_offensive_6",
"skilltree:alchemist_speed_2"
],
"icon_texture": "skilltree:textures/icons/alchemist_offensive_1.png",
"position": {
"x": -362,
"y": 265
},
"tooltip_texture": "skilltree:textures/tooltip/lesser.png",
"tree": "skilltree:tree"
}
