{
"attribute_modifiers": [
{
"amount": 0.1,
"attribute": "skilltree:brewed_poisons_strength",
"operation": "multiply_base"
}
],
"background_texture": "skilltree:textures/icons/background/lesser.png",
"button_size": 16,
"connections": [
"skilltree:alchemist_subclass_1_mastery",
"skilltree:alchemist_subclass_1_crafting_notable_1"
],
"icon_texture": "skilltree:textures/icons/alchemist_subclass_1_crafting_1.png",
"position": {
"x": -469,
"y": 416
},
"tooltip_texture": "skilltree:textures/tooltip/lesser.png",
"tree": "skilltree:tree"
}
