{
"attribute_modifiers": [
{
"amount": 0.01,
"attribute": "skilltree:evasion_chance",
"operation": "multiply_base"
}
],
"background_texture": "skilltree:textures/icons/background/lesser.png",
"button_size": 16,
"connections": [
"skilltree:alchemist_life_1",
"skilltree:alchemist_defensive_5"
],
"icon_texture": "skilltree:textures/icons/alchemist_defensive_1.png",
"position": {
"x": -254,
"y": 239
},
"tooltip_texture": "skilltree:textures/tooltip/lesser.png",
"tree": "skilltree:tree"
}
