{
"attribute_modifiers": [
{
"amount": 2.0,
"attribute": "minecraft:generic.max_health",
"operation": "addition"
},
{
"amount": 0.05,
"attribute": "skilltree:incoming_healing",
"operation": "multiply_base"
}
],
"background_texture": "skilltree:textures/icons/background/lesser.png",
"button_size": 16,
"connections": [
"skilltree:alchemist_subclass_2_life_2"
],
"icon_texture": "skilltree:textures/icons/alchemist_subclass_2_life_1.png",
"position": {
"x": -179,
"y": 338
},
"tooltip_texture": "skilltree:textures/tooltip/lesser.png",
"tree": "skilltree:tree"
}
