{
"attribute_modifiers": [
{
"amount": 0.02,
"attribute": "skilltree:crit_chance",
"operation": "multiply_base"
}
],
"background_texture": "skilltree:textures/icons/background/lesser.png",
"button_size": 16,
"connections": [
"skilltree:alchemist_subclass_1_offensive_notable_1"
],
"icon_texture": "skilltree:textures/icons/alchemist_subclass_1_offensive_1.png",
"position": {
"x": -437,
"y": 416
},
"tooltip_texture": "skilltree:textures/tooltip/lesser.png",
"tree": "skilltree:tree"
}
