{
"attribute_modifiers": [
{
"amount": 0.15,
"attribute": "skilltree:incoming_healing",
"operation": "multiply_base"
}
],
"background_texture": "skilltree:textures/icons/background/class.png",
"button_size": 24,
"connections": [
"skilltree:alchemist_subclass_2_crafting_1",
"skilltree:alchemist_subclass_2_life_1"
],
"icon_texture": "skilltree:textures/icons/alchemist_subclass_2.png",
"position": {
"x": -167,
"y": 306
},
"tooltip_texture": "skilltree:textures/tooltip/keystone.png",
"tree": "skilltree:tree"
}
