{
"attribute_modifiers": [
{
"amount": 0.3,
"attribute": "skilltree:brewed_harmful_potions_strength",
"operation": "multiply_base"
},
{
"amount": 1.0,
"attribute": "skilltree:can_poison_weapons",
"operation": "addition"
}
],
"background_texture": "skilltree:textures/icons/background/keystone.png",
"button_size": 24,
"connections": [],
"icon_texture": "skilltree:textures/icons/alchemist_offensive_crafting_keystone_1.png",
"position": {
"x": -405,
"y": 325
},
"tooltip_texture": "skilltree:textures/tooltip/keystone.png",
"tree": "skilltree:tree"
}
