{
"attribute_modifiers": [
{
"amount": 0.05,
"attribute": "skilltree:crit_chance",
"operation": "multiply_base"
},
{
"amount": 0.15,
"attribute": "skilltree:crit_damage",
"operation": "multiply_base"
}
],
"background_texture": "skilltree:textures/icons/background/class.png",
"button_size": 24,
"connections": [
"skilltree:alchemist_subclass_1_offensive_1",
"skilltree:alchemist_subclass_1_crafting_1"
],
"icon_texture": "skilltree:textures/icons/alchemist_subclass_1.png",
"position": {
"x": -457,
"y": 306
},
"tooltip_texture": "skilltree:textures/tooltip/keystone.png",
"tree": "skilltree:tree"
}
