{
"attribute_modifiers": [
{
"amount": 0.1,
"attribute": "skilltree:brewed_beneficial_potions_strength",
"operation": "multiply_base"
}
],
"background_texture": "skilltree:textures/icons/background/lesser.png",
"button_size": 16,
"connections": [
"skilltree:alchemist_defensive_crafting_2"
],
"icon_texture": "skilltree:textures/icons/alchemist_defensive_crafting_1.png",
"position": {
"x": -282,
"y": 129
},
"tooltip_texture": "skilltree:textures/tooltip/lesser.png",
"tree": "skilltree:tree"
}
