{
"attribute_modifiers": [
{
"amount": 0.25,
"attribute": "skilltree:damage_against_poisoned",
"operation": "multiply_base"
}
],
"background_texture": "skilltree:textures/icons/background/notable.png",
"button_size": 20,
"connections": [
"skilltree:alchemist_offensive_4",
"skilltree:alchemist_offensive_crafting_5",
"skilltree:alchemist_subclass_1_defensive_1"
],
"icon_texture": "skilltree:textures/icons/alchemist_offensive_notable_1.png",
"position": {
"x": -390,
"y": 222
},
"tooltip_texture": "skilltree:textures/tooltip/notable.png",
"tree": "skilltree:tree"
}
