{
"attribute_modifiers": [
{
"amount": 0.01,
"attribute": "skilltree:evasion_chance",
"operation": "multiply_base"
}
],
"background_texture": "skilltree:textures/icons/background/lesser.png",
"button_size": 16,
"connections": [
"skilltree:alchemist_subclass_2_defensive_3"
],
"icon_texture": "skilltree:textures/icons/alchemist_subclass_2_defensive_1.png",
"position": {
"x": -189,
"y": 232
},
"tooltip_texture": "skilltree:textures/tooltip/lesser.png",
"tree": "skilltree:tree"
}
