{
"attribute_modifiers": [
{
"amount": 5.0,
"attribute": "minecraft:generic.armor",
"operation": "addition"
},
{
"amount": 0.05,
"attribute": "skilltree:block_chance",
"operation": "multiply_base"
}
],
"background_texture": "skilltree:textures/icons/background/class.png",
"button_size": 24,
"connections": [
"skilltree:blacksmith_subclass_1_offensive_1",
"skilltree:blacksmith_subclass_1_crafting_1"
],
"icon_texture": "skilltree:textures/icons/blacksmith_subclass_1.png",
"position": {
"x": -513,
"y": -298
},
"tooltip_texture": "skilltree:textures/tooltip/keystone.png",
"tree": "skilltree:tree"
}
