{
"attribute_modifiers": [
{
"amount": 1.0,
"attribute": "skilltree:crafted_melee_weapon_damage_bonus",
"operation": "addition"
}
],
"background_texture": "skilltree:textures/icons/background/lesser.png",
"button_size": 16,
"connections": [
"skilltree:blacksmith_offensive_crafting_6"
],
"icon_texture": "skilltree:textures/icons/blacksmith_offensive_crafting_1.png",
"position": {
"x": -481,
"y": -217
},
"tooltip_texture": "skilltree:textures/tooltip/lesser.png",
"tree": "skilltree:tree"
}
