{
"attribute_modifiers": [
{
"amount": 1.0,
"attribute": "minecraft:generic.armor",
"operation": "addition"
}
],
"background_texture": "skilltree:textures/icons/background/lesser.png",
"button_size": 16,
"connections": [
"skilltree:blacksmith_subclass_2_defensive_2",
"skilltree:blacksmith_gateway",
"skilltree:miner_subclass_1_defensive_1"
],
"icon_texture": "skilltree:textures/icons/blacksmith_subclass_2_defensive_1.png",
"position": {
"x": -548,
"y": -24
},
"tooltip_texture": "skilltree:textures/tooltip/lesser.png",
"tree": "skilltree:tree"
}
