{
"attribute_modifiers": [
{
"amount": 0.05,
"attribute": "minecraft:generic.armor",
"operation": "multiply_base"
}
],
"background_texture": "skilltree:textures/icons/background/notable.png",
"button_size": 20,
"connections": [
"skilltree:blacksmith_defensive_4",
"skilltree:blacksmith_defensive_crafting_5",
"skilltree:blacksmith_subclass_2_defensive_1"
],
"icon_texture": "skilltree:textures/icons/blacksmith_defensive_notable_1.png",
"position": {
"x": -550,
"y": -56
},
"tooltip_texture": "skilltree:textures/tooltip/notable.png",
"tree": "skilltree:tree"
}
