{
"attribute_modifiers": [
{
"amount": 0.25,
"attribute": "skilltree:damage_with_shield",
"operation": "multiply_base"
}
],
"background_texture": "skilltree:textures/icons/background/notable.png",
"button_size": 20,
"connections": [
"skilltree:blacksmith_offensive_4",
"skilltree:blacksmith_offensive_crafting_5",
"skilltree:blacksmith_subclass_1_defensive_1"
],
"icon_texture": "skilltree:textures/icons/blacksmith_offensive_notable_1.png",
"position": {
"x": -470,
"y": -196
},
"tooltip_texture": "skilltree:textures/tooltip/notable.png",
"tree": "skilltree:tree"
}
