{
"attribute_modifiers": [
{
"amount": 0.1,
"attribute": "skilltree:crafted_armor_defence",
"operation": "multiply_base"
}
],
"background_texture": "skilltree:textures/icons/background/lesser.png",
"button_size": 16,
"connections": [
"skilltree:blacksmith_defensive_crafting_keystone_1"
],
"icon_texture": "skilltree:textures/icons/blacksmith_defensive_crafting_1.png",
"position": {
"x": -620,
"y": -80
},
"tooltip_texture": "skilltree:textures/tooltip/lesser.png",
"tree": "skilltree:tree"
}
