{
"attribute_modifiers": [
{
"amount": 0.05,
"attribute": "skilltree:damage_with_shield",
"operation": "multiply_base"
}
],
"background_texture": "skilltree:textures/icons/background/lesser.png",
"button_size": 16,
"connections": [
"skilltree:blacksmith_offensive_7",
"skilltree:blacksmith_crit_2"
],
"icon_texture": "skilltree:textures/icons/blacksmith_offensive_1.png",
"position": {
"x": -540,
"y": -205
},
"tooltip_texture": "skilltree:textures/tooltip/lesser.png",
"tree": "skilltree:tree"
}
