{
"attribute_modifiers": [
{
"amount": 0.05,
"attribute": "skilltree:equipment_repair_efficiency",
"operation": "multiply_base"
}
],
"background_texture": "skilltree:textures/icons/background/lesser.png",
"button_size": 16,
"connections": [
"skilltree:blacksmith_subclass_2_crafting_2"
],
"icon_texture": "skilltree:textures/icons/blacksmith_subclass_2_crafting_1.png",
"position": {
"x": -686,
"y": -40
},
"tooltip_texture": "skilltree:textures/tooltip/lesser.png",
"tree": "skilltree:tree"
}
