{
"attribute_modifiers": [
{
"amount": 1.0,
"attribute": "skilltree:crafted_armor_maximum_life",
"operation": "addition"
}
],
"background_texture": "skilltree:textures/icons/background/lesser.png",
"button_size": 16,
"connections": [
"skilltree:blacksmith_subclass_2_life_notable_1"
],
"icon_texture": "skilltree:textures/icons/blacksmith_subclass_2_life_1.png",
"position": {
"x": -739,
"y": -107
},
"tooltip_texture": "skilltree:textures/tooltip/lesser.png",
"tree": "skilltree:tree"
}
