{
"attribute_modifiers": [
{
"amount": 0.25,
"attribute": "skilltree:life_regeneration_bonus",
"operation": "addition"
}
],
"background_texture": "skilltree:textures/icons/background/lesser.png",
"button_size": 16,
"connections": [
"skilltree:blacksmith_healing_2",
"skilltree:blacksmith_healing_4"
],
"icon_texture": "skilltree:textures/icons/blacksmith_healing_1.png",
"position": {
"x": -474,
"y": -8
},
"tooltip_texture": "skilltree:textures/tooltip/lesser.png",
"tree": "skilltree:tree"
}
