{
"attribute_modifiers": [
{
"amount": 0.05,
"attribute": "skilltree:crafted_equipment_durability",
"operation": "multiply_base"
}
],
"background_texture": "skilltree:textures/icons/background/lesser.png",
"button_size": 16,
"connections": [
"skilltree:blacksmith_lesser_3",
"skilltree:blacksmith_lesser_6"
],
"icon_texture": "skilltree:textures/icons/blacksmith_lesser_1.png",
"position": {
"x": -613,
"y": -184
},
"tooltip_texture": "skilltree:textures/tooltip/lesser.png",
"tree": "skilltree:tree"
}
