{
"attribute_modifiers": [
{
"amount": 0.25,
"attribute": "skilltree:crafted_equipment_durability",
"operation": "multiply_base"
}
],
"background_texture": "skilltree:textures/icons/background/class.png",
"button_size": 24,
"connections": [
"skilltree:blacksmith_defensive_1",
"skilltree:blacksmith_offensive_1",
"skilltree:blacksmith_defensive_crafting_1",
"skilltree:blacksmith_offensive_crafting_1",
"skilltree:blacksmith_crafting_1"
],
"icon_texture": "skilltree:textures/icons/blacksmith_class.png",
"position": {
"x": -444,
"y": -88
},
"starting_point": true,
"tooltip_texture": "skilltree:textures/tooltip/keystone.png",
"tree": "skilltree:tree"
}
