{
"attribute_modifiers": [
{
"amount": 1.0,
"attribute": "minecraft:generic.armor",
"operation": "addition"
}
],
"background_texture": "skilltree:textures/icons/background/lesser.png",
"button_size": 16,
"connections": [
"skilltree:blacksmith_defensive_8",
"skilltree:blacksmith_lesser_1"
],
"icon_texture": "skilltree:textures/icons/blacksmith_defensive_1.png",
"position": {
"x": -617,
"y": -123
},
"tooltip_texture": "skilltree:textures/tooltip/lesser.png",
"tree": "skilltree:tree"
}
