{
"attribute_modifiers": [
{
"amount": 0.01,
"attribute": "skilltree:crafted_melee_weapon_crit_chance",
"operation": "multiply_base"
}
],
"background_texture": "skilltree:textures/icons/background/lesser.png",
"button_size": 16,
"connections": [
"skilltree:blacksmith_subclass_1_crafting_3",
"skilltree:blacksmith_subclass_1_crafting_5"
],
"icon_texture": "skilltree:textures/icons/blacksmith_subclass_1_crafting_1.png",
"position": {
"x": -548,
"y": -335
},
"tooltip_texture": "skilltree:textures/tooltip/lesser.png",
"tree": "skilltree:tree"
}
