{
"attribute_modifiers": [
{
"amount": 0.2,
"attribute": "skilltree:melee_damage",
"operation": "multiply_base"
},
{
"amount": 0.1,
"attribute": "skilltree:melee_crit_damage",
"operation": "multiply_base"
}
],
"background_texture": "skilltree:textures/icons/background/notable.png",
"button_size": 20,
"connections": [],
"icon_texture": "skilltree:textures/icons/blacksmith_subclass_1_offensive_notable_1.png",
"position": {
"x": -638,
"y": -320
},
"tooltip_texture": "skilltree:textures/tooltip/notable.png",
"tree": "skilltree:tree"
}
