{
"attribute_modifiers": [
{
"amount": 0.1,
"attribute": "skilltree:damage_if_damaged",
"operation": "multiply_base"
},
{
"amount": 0.2,
"attribute": "skilltree:damage_if_wounded",
"operation": "multiply_base"
}
],
"background_texture": "skilltree:textures/icons/background/class.png",
"button_size": 24,
"connections": [
"skilltree:cook_subclass_1_offensive_1",
"skilltree:cook_subclass_1_crafting_1"
],
"icon_texture": "skilltree:textures/icons/cook_subclass_1.png",
"position": {
"x": -167,
"y": -330
},
"tooltip_texture": "skilltree:textures/tooltip/keystone.png",
"tree": "skilltree:tree"
}
