{
"attribute_modifiers": [
{
"amount": 0.0025,
"attribute": "skilltree:cooked_food_damage_per_saturation",
"operation": "multiply_base"
}
],
"background_texture": "skilltree:textures/icons/background/lesser.png",
"button_size": 16,
"connections": [
"skilltree:cook_offensive_crafting_keystone_1"
],
"icon_texture": "skilltree:textures/icons/cook_offensive_crafting_1.png",
"position": {
"x": -215,
"y": -315
},
"tooltip_texture": "skilltree:textures/tooltip/lesser.png",
"tree": "skilltree:tree"
}
