{
"attribute_modifiers": [
{
"amount": 0.2,
"attribute": "skilltree:cooked_food_saturation",
"operation": "multiply_base"
}
],
"background_texture": "skilltree:textures/icons/background/class.png",
"button_size": 24,
"connections": [
"skilltree:cook_defensive_1",
"skilltree:cook_offensive_1",
"skilltree:cook_defensive_crafting_1",
"skilltree:cook_offensive_crafting_1",
"skilltree:cook_crafting_1"
],
"icon_texture": "skilltree:textures/icons/cook_class.png",
"position": {
"x": -312,
"y": -164
},
"starting_point": true,
"tooltip_texture": "skilltree:textures/tooltip/keystone.png",
"tree": "skilltree:tree"
}
