{
"attribute_modifiers": [
{
"amount": 0.15,
"attribute": "skilltree:double_fishing_loot_chance",
"operation": "multiply_base"
}
],
"background_texture": "skilltree:textures/icons/background/class.png",
"button_size": 24,
"connections": [
"skilltree:cook_subclass_2_crafting_1",
"skilltree:cook_subclass_2_life_1"
],
"icon_texture": "skilltree:textures/icons/cook_subclass_2.png",
"position": {
"x": -457,
"y": -330
},
"tooltip_texture": "skilltree:textures/tooltip/keystone.png",
"tree": "skilltree:tree"
}
