{
"attribute_modifiers": [
{
"amount": 0.2,
"attribute": "skilltree:experience_from_fishing",
"operation": "multiply_base"
}
],
"background_texture": "skilltree:textures/icons/background/lesser.png",
"button_size": 16,
"connections": [
"skilltree:cook_subclass_2_mastery",
"skilltree:cook_subclass_2_crafting_notable_1"
],
"icon_texture": "skilltree:textures/icons/cook_subclass_2_crafting_1.png",
"position": {
"x": -469,
"y": -432
},
"tooltip_texture": "skilltree:textures/tooltip/lesser.png",
"tree": "skilltree:tree"
}
