{
"attribute_modifiers": [
{
"amount": 4.0,
"attribute": "minecraft:generic.max_health",
"operation": "addition"
},
{
"amount": 1.0,
"attribute": "skilltree:luck_while_fishing",
"operation": "addition"
}
],
"background_texture": "skilltree:textures/icons/background/notable.png",
"button_size": 20,
"connections": [],
"icon_texture": "skilltree:textures/icons/cook_subclass_2_life_notable_1.png",
"position": {
"x": -413,
"y": -449
},
"tooltip_texture": "skilltree:textures/tooltip/notable.png",
"tree": "skilltree:tree"
}
