{
"attribute_modifiers": [
{
"amount": 0.5,
"attribute": "minecraft:generic.armor",
"operation": "addition"
},
{
"amount": 0.005,
"attribute": "skilltree:block_chance",
"operation": "multiply_base"
}
],
"background_texture": "skilltree:textures/icons/background/lesser.png",
"button_size": 16,
"connections": [
"skilltree:cook_subclass_2"
],
"icon_texture": "skilltree:textures/icons/cook_subclass_2_defensive_1.png",
"position": {
"x": -453,
"y": -294
},
"tooltip_texture": "skilltree:textures/tooltip/lesser.png",
"tree": "skilltree:tree"
}
