{
"attribute_modifiers": [
{
"amount": 0.01,
"attribute": "skilltree:crafted_axes_crit_chance",
"operation": "multiply_base"
}
],
"background_texture": "skilltree:textures/icons/background/lesser.png",
"button_size": 16,
"connections": [
"skilltree:cook_subclass_1_crafting_4",
"skilltree:cook_subclass_1_crafting_5"
],
"icon_texture": "skilltree:textures/icons/cook_subclass_1_crafting_1.png",
"position": {
"x": -147,
"y": -406
},
"tooltip_texture": "skilltree:textures/tooltip/lesser.png",
"tree": "skilltree:tree"
}
