{
"attribute_modifiers": [
{
"amount": 0.05,
"attribute": "skilltree:cooked_food_saturation",
"operation": "multiply_base"
}
],
"background_texture": "skilltree:textures/icons/background/lesser.png",
"button_size": 16,
"connections": [
"skilltree:cook_lesser_3",
"skilltree:cook_lesser_6"
],
"icon_texture": "skilltree:textures/icons/cook_lesser_1.png",
"position": {
"x": -308,
"y": -359
},
"tooltip_texture": "skilltree:textures/tooltip/lesser.png",
"tree": "skilltree:tree"
}
