{
"attribute_modifiers": [
{
"amount": 0.1,
"attribute": "skilltree:block_chance_if_not_hungry",
"operation": "multiply_base"
}
],
"background_texture": "skilltree:textures/icons/background/notable.png",
"button_size": 20,
"connections": [
"skilltree:cook_defensive_4",
"skilltree:cook_defensive_crafting_5",
"skilltree:cook_subclass_2_defensive_1"
],
"icon_texture": "skilltree:textures/icons/cook_defensive_notable_1.png",
"position": {
"x": -390,
"y": -242
},
"tooltip_texture": "skilltree:textures/tooltip/notable.png",
"tree": "skilltree:tree"
}
