{
"attribute_modifiers": [
{
"amount": 0.05,
"attribute": "skilltree:damage_if_not_hungry",
"operation": "multiply_base"
}
],
"background_texture": "skilltree:textures/icons/background/lesser.png",
"button_size": 16,
"connections": [
"skilltree:cook_offensive_8",
"skilltree:cook_lesser_2"
],
"icon_texture": "skilltree:textures/icons/cook_offensive_1.png",
"position": {
"x": -254,
"y": -333
},
"tooltip_texture": "skilltree:textures/tooltip/lesser.png",
"tree": "skilltree:tree"
}
