{
"attribute_modifiers": [
{
"amount": 0.05,
"attribute": "skilltree:cooked_food_healing_per_saturation",
"operation": "multiply_base"
}
],
"background_texture": "skilltree:textures/icons/background/lesser.png",
"button_size": 16,
"connections": [
"skilltree:cook_defensive_notable_1"
],
"icon_texture": "skilltree:textures/icons/cook_defensive_crafting_1.png",
"position": {
"x": -373,
"y": -214
},
"tooltip_texture": "skilltree:textures/tooltip/lesser.png",
"tree": "skilltree:tree"
}
