{
"attribute_modifiers": [
{
"amount": 0.01,
"attribute": "skilltree:block_chance",
"operation": "multiply_base"
}
],
"background_texture": "skilltree:textures/icons/background/lesser.png",
"button_size": 16,
"connections": [
"skilltree:enchanter_defensive_8",
"skilltree:enchanter_lesser_1"
],
"icon_texture": "skilltree:textures/icons/enchanter_defensive_1.png",
"position": {
"x": -53,
"y": -218
},
"tooltip_texture": "skilltree:textures/tooltip/lesser.png",
"tree": "skilltree:tree"
}
