{
"attribute_modifiers": [
{
"amount": 0.05,
"attribute": "skilltree:crafted_weapon_chance_to_ignite",
"operation": "multiply_base"
}
],
"background_texture": "skilltree:textures/icons/background/lesser.png",
"button_size": 16,
"connections": [
"skilltree:enchanter_subclass_1_crafting_3",
"skilltree:enchanter_subclass_1_crafting_5"
],
"icon_texture": "skilltree:textures/icons/enchanter_subclass_1_crafting_1.png",
"position": {
"x": 93,
"y": -53
},
"tooltip_texture": "skilltree:textures/tooltip/lesser.png",
"tree": "skilltree:tree"
}
