{
"attribute_modifiers": [
{
"amount": -0.05,
"attribute": "skilltree:enchantment_level_requirement",
"operation": "multiply_base"
}
],
"background_texture": "skilltree:textures/icons/background/lesser.png",
"button_size": 16,
"connections": [
"skilltree:enchanter_lesser_3",
"skilltree:enchanter_lesser_6"
],
"icon_texture": "skilltree:textures/icons/enchanter_lesser_1.png",
"position": {
"x": -3,
"y": -183
},
"tooltip_texture": "skilltree:textures/tooltip/lesser.png",
"tree": "skilltree:tree"
}
