{
"attribute_modifiers": [
{
"amount": -0.3,
"attribute": "skilltree:enchantment_level_requirement",
"operation": "multiply_base"
}
],
"background_texture": "skilltree:textures/icons/background/class.png",
"button_size": 24,
"connections": [
"skilltree:enchanter_defensive_1",
"skilltree:enchanter_offensive_1",
"skilltree:enchanter_defensive_crafting_1",
"skilltree:enchanter_offensive_crafting_1",
"skilltree:enchanter_crafting_1"
],
"icon_texture": "skilltree:textures/icons/enchanter_class.png",
"position": {
"x": -180,
"y": -88
},
"starting_point": true,
"tooltip_texture": "skilltree:textures/tooltip/keystone.png",
"tree": "skilltree:tree"
}
