{
"attribute_modifiers": [
{
"amount": 0.005,
"attribute": "skilltree:evasion_chance",
"operation": "multiply_base"
},
{
"amount": 0.005,
"attribute": "skilltree:block_chance",
"operation": "multiply_base"
}
],
"background_texture": "skilltree:textures/icons/background/lesser.png",
"button_size": 16,
"connections": [
"skilltree:enchanter_subclass_1_defensive_2"
],
"icon_texture": "skilltree:textures/icons/enchanter_subclass_1_defensive_1.png",
"position": {
"x": -68,
"y": -24
},
"tooltip_texture": "skilltree:textures/tooltip/lesser.png",
"tree": "skilltree:tree"
}
