{
"attribute_modifiers": [
{
"amount": 0.1,
"attribute": "skilltree:block_chance_with_enchanted_shield",
"operation": "multiply_base"
}
],
"background_texture": "skilltree:textures/icons/background/notable.png",
"button_size": 20,
"connections": [
"skilltree:enchanter_defensive_4",
"skilltree:enchanter_defensive_crafting_5",
"skilltree:enchanter_subclass_2_defensive_1"
],
"icon_texture": "skilltree:textures/icons/enchanter_defensive_notable_1.png",
"position": {
"x": -150,
"y": -196
},
"tooltip_texture": "skilltree:textures/tooltip/notable.png",
"tree": "skilltree:tree"
}
