{
"attribute_modifiers": [
{
"amount": 0.01,
"attribute": "skilltree:block_chance",
"operation": "multiply_base"
}
],
"background_texture": "skilltree:textures/icons/background/lesser.png",
"button_size": 16,
"connections": [
"skilltree:enchanter_subclass_2_defensive_4"
],
"icon_texture": "skilltree:textures/icons/enchanter_subclass_2_defensive_1.png",
"position": {
"x": -148,
"y": -255
},
"tooltip_texture": "skilltree:textures/tooltip/lesser.png",
"tree": "skilltree:tree"
}
