{
"attribute_modifiers": [
{
"amount": 0.2,
"attribute": "skilltree:experience_per_hour",
"operation": "addition"
}
],
"background_texture": "skilltree:textures/icons/background/lesser.png",
"button_size": 16,
"connections": [
"skilltree:enchanter_subclass_2_crafting_3",
"skilltree:enchanter_subclass_2_crafting_5"
],
"icon_texture": "skilltree:textures/icons/enchanter_subclass_2_crafting_1.png",
"position": {
"x": -68,
"y": -335
},
"tooltip_texture": "skilltree:textures/tooltip/lesser.png",
"tree": "skilltree:tree"
}
