{
"attribute_modifiers": [
{
"amount": 0.1,
"attribute": "skilltree:chance_to_apply_better_armor_enchantment",
"operation": "multiply_base"
}
],
"background_texture": "skilltree:textures/icons/background/lesser.png",
"button_size": 16,
"connections": [
"skilltree:enchanter_defensive_crafting_4",
"skilltree:enchanter_healing_1"
],
"icon_texture": "skilltree:textures/icons/enchanter_defensive_crafting_1.png",
"position": {
"x": -176,
"y": -145
},
"tooltip_texture": "skilltree:textures/tooltip/lesser.png",
"tree": "skilltree:tree"
}
