{
"attribute_modifiers": [
{
"amount": 0.2,
"attribute": "skilltree:experience_per_hour",
"operation": "addition"
}
],
"background_texture": "skilltree:textures/icons/background/lesser.png",
"button_size": 16,
"connections": [
"skilltree:enchanter_subclass_2_mastery",
"skilltree:enchanter_subclass_2_crafting_notable_1"
],
"icon_texture": "skilltree:textures/icons/enchanter_subclass_2_crafting_1.png",
"position": {
"x": -22,
"y": -361
},
"tooltip_texture": "skilltree:textures/tooltip/lesser.png",
"tree": "skilltree:tree"
}
