{
"attribute_modifiers": [
{
"amount": 0.2,
"attribute": "skilltree:damage_with_enchanted_weapon",
"operation": "multiply_base"
}
],
"background_texture": "skilltree:textures/icons/background/notable.png",
"button_size": 20,
"connections": [
"skilltree:enchanter_offensive_4",
"skilltree:enchanter_offensive_crafting_5",
"skilltree:enchanter_subclass_1_defensive_1"
],
"icon_texture": "skilltree:textures/icons/enchanter_offensive_notable_1.png",
"position": {
"x": -70,
"y": -56
},
"tooltip_texture": "skilltree:textures/tooltip/notable.png",
"tree": "skilltree:tree"
}
