{
"attribute_modifiers": [
{
"amount": 0.1,
"attribute": "skilltree:crafted_quivers_damage_against_burning",
"operation": "multiply_base"
},
{
"amount": 0.1,
"attribute": "skilltree:crafted_quivers_chance_to_ignite",
"operation": "multiply_base"
}
],
"background_texture": "skilltree:textures/icons/background/notable.png",
"button_size": 20,
"connections": [],
"icon_texture": "skilltree:textures/icons/enchanter_subclass_special_1.png",
"position": {
"x": 114,
"y": -10
},
"tooltip_texture": "skilltree:textures/tooltip/notable.png",
"tree": "skilltree:tree"
}
