{
"attribute_modifiers": [
{
"amount": 0.05,
"attribute": "skilltree:damage_against_burning",
"operation": "multiply_base"
}
],
"background_texture": "skilltree:textures/icons/background/lesser.png",
"button_size": 16,
"connections": [
"skilltree:enchanter_subclass_1_offensive_2"
],
"icon_texture": "skilltree:textures/icons/enchanter_subclass_1_offensive_1.png",
"position": {
"x": 54,
"y": -68
},
"tooltip_texture": "skilltree:textures/tooltip/lesser.png",
"tree": "skilltree:tree"
}
