{
"attribute_modifiers": [
{
"amount": 0.1,
"attribute": "skilltree:chance_to_apply_better_weapon_enchantment",
"operation": "multiply_base"
}
],
"background_texture": "skilltree:textures/icons/background/lesser.png",
"button_size": 16,
"connections": [
"skilltree:enchanter_offensive_crafting_2"
],
"icon_texture": "skilltree:textures/icons/enchanter_offensive_crafting_1.png",
"position": {
"x": -176,
"y": -54
},
"tooltip_texture": "skilltree:textures/tooltip/lesser.png",
"tree": "skilltree:tree"
}
