{
"attribute_modifiers": [
{
"amount": 0.05,
"attribute": "skilltree:damage_with_enchanted_weapon",
"operation": "multiply_base"
}
],
"background_texture": "skilltree:textures/icons/background/lesser.png",
"button_size": 16,
"connections": [
"skilltree:enchanter_life_2",
"skilltree:enchanter_offensive_5"
],
"icon_texture": "skilltree:textures/icons/enchanter_offensive_1.png",
"position": {
"x": -68,
"y": -84
},
"tooltip_texture": "skilltree:textures/tooltip/lesser.png",
"tree": "skilltree:tree"
}
