{
"attribute_modifiers": [
{
"amount": 0.01,
"attribute": "skilltree:crafted_armor_evasion",
"operation": "multiply_base"
}
],
"background_texture": "skilltree:textures/icons/background/lesser.png",
"button_size": 16,
"connections": [
"skilltree:hunter_defensive_crafting_4",
"skilltree:hunter_healing_1"
],
"icon_texture": "skilltree:textures/icons/hunter_defensive_crafting_1.png",
"position": {
"x": -124,
"y": 38
},
"tooltip_texture": "skilltree:textures/tooltip/lesser.png",
"tree": "skilltree:tree"
}
