{
"attribute_modifiers": [
{
"amount": 0.05,
"attribute": "skilltree:double_loot_chance",
"operation": "multiply_base"
}
],
"background_texture": "skilltree:textures/icons/background/lesser.png",
"button_size": 16,
"connections": [
"skilltree:hunter_lesser_3",
"skilltree:hunter_lesser_6"
],
"icon_texture": "skilltree:textures/icons/hunter_lesser_1.png",
"position": {
"x": -3,
"y": 168
},
"tooltip_texture": "skilltree:textures/tooltip/lesser.png",
"tree": "skilltree:tree"
}
