{
"attribute_modifiers": [
{
"amount": 0.1,
"attribute": "skilltree:stealth",
"operation": "multiply_base"
},
{
"amount": 0.5,
"attribute": "skilltree:jump_height",
"operation": "multiply_base"
}
],
"background_texture": "skilltree:textures/icons/background/keystone.png",
"button_size": 24,
"connections": [
"skilltree:hunter_subclass_1_offensive_4"
],
"icon_texture": "skilltree:textures/icons/hunter_subclass_1_mastery.png",
"position": {
"x": 6,
"y": 341
},
"tooltip_texture": "skilltree:textures/tooltip/keystone.png",
"tree": "skilltree:tree"
}
