{
"attribute_modifiers": [
{
"amount": 0.05,
"attribute": "skilltree:crafted_quivers_capacity",
"operation": "multiply_base"
}
],
"background_texture": "skilltree:textures/icons/background/lesser.png",
"button_size": 16,
"connections": [
"skilltree:hunter_subclass_2_mastery",
"skilltree:hunter_subclass_2_crafting_notable_1"
],
"icon_texture": "skilltree:textures/icons/hunter_subclass_2_crafting_1.png",
"position": {
"x": 139,
"y": 63
},
"tooltip_texture": "skilltree:textures/tooltip/lesser.png",
"tree": "skilltree:tree"
}
