{
"attribute_modifiers": [
{
"amount": 0.1,
"attribute": "skilltree:projectile_damage",
"operation": "multiply_base"
}
],
"background_texture": "skilltree:textures/icons/background/lesser.png",
"button_size": 16,
"connections": [
"skilltree:hunter_offensive_6",
"skilltree:hunter_speed_2"
],
"icon_texture": "skilltree:textures/icons/hunter_offensive_1.png",
"position": {
"x": -99,
"y": 176
},
"tooltip_texture": "skilltree:textures/tooltip/lesser.png",
"tree": "skilltree:tree"
}
