{
"attribute_modifiers": [
{
"amount": 0.01,
"attribute": "skilltree:crafted_armor_stealth",
"operation": "multiply_base"
}
],
"background_texture": "skilltree:textures/icons/background/lesser.png",
"button_size": 16,
"connections": [
"skilltree:hunter_subclass_1_crafting_3",
"skilltree:hunter_subclass_1_crafting_5"
],
"icon_texture": "skilltree:textures/icons/hunter_subclass_1_crafting_1.png",
"position": {
"x": -68,
"y": 319
},
"tooltip_texture": "skilltree:textures/tooltip/lesser.png",
"tree": "skilltree:tree"
}
