{
"attribute_modifiers": [
{
"amount": 0.15,
"attribute": "skilltree:double_loot_chance",
"operation": "multiply_base"
}
],
"background_texture": "skilltree:textures/icons/background/class.png",
"button_size": 24,
"connections": [
"skilltree:hunter_defensive_1",
"skilltree:hunter_offensive_1",
"skilltree:hunter_defensive_crafting_1",
"skilltree:hunter_offensive_crafting_1",
"skilltree:hunter_crafting_1"
],
"icon_texture": "skilltree:textures/icons/hunter_class.png",
"position": {
"x": -180,
"y": 64
},
"starting_point": true,
"tooltip_texture": "skilltree:textures/tooltip/keystone.png",
"tree": "skilltree:tree"
}
