{
"attribute_modifiers": [
{
"amount": 0.05,
"attribute": "skilltree:stealth",
"operation": "multiply_base"
},
{
"amount": 0.02,
"attribute": "minecraft:generic.attack_speed",
"operation": "multiply_base"
}
],
"background_texture": "skilltree:textures/icons/background/lesser.png",
"button_size": 16,
"connections": [
"skilltree:hunter_subclass_1_offensive_3"
],
"icon_texture": "skilltree:textures/icons/hunter_subclass_1_offensive_1.png",
"position": {
"x": -52,
"y": 291
},
"tooltip_texture": "skilltree:textures/tooltip/lesser.png",
"tree": "skilltree:tree"
}
