{
"attribute_modifiers": [
{
"amount": 0.05,
"attribute": "skilltree:crafted_quivers_chance_to_retrieve_arrows",
"operation": "multiply_base"
}
],
"background_texture": "skilltree:textures/icons/background/class.png",
"button_size": 24,
"connections": [
"skilltree:hunter_subclass_2_crafting_1",
"skilltree:hunter_subclass_2_life_1"
],
"icon_texture": "skilltree:textures/icons/hunter_subclass_2.png",
"position": {
"x": 34,
"y": 20
},
"tooltip_texture": "skilltree:textures/tooltip/keystone.png",
"tree": "skilltree:tree"
}
