{
"attribute_modifiers": [
{
"amount": 0.04,
"attribute": "skilltree:crafted_ranged_weapon_attack_speed",
"operation": "multiply_base"
}
],
"background_texture": "skilltree:textures/icons/background/lesser.png",
"button_size": 16,
"connections": [
"skilltree:hunter_offensive_crafting_3"
],
"icon_texture": "skilltree:textures/icons/hunter_offensive_crafting_1.png",
"position": {
"x": -189,
"y": 106
},
"tooltip_texture": "skilltree:textures/tooltip/lesser.png",
"tree": "skilltree:tree"
}
