{
"attribute_modifiers": [
{
"amount": 0.1,
"attribute": "skilltree:stealth",
"operation": "multiply_base"
},
{
"amount": 0.1,
"attribute": "skilltree:jump_height",
"operation": "multiply_base"
}
],
"background_texture": "skilltree:textures/icons/background/class.png",
"button_size": 24,
"connections": [
"skilltree:hunter_subclass_1_offensive_1",
"skilltree:hunter_subclass_1_crafting_1"
],
"icon_texture": "skilltree:textures/icons/hunter_subclass_1.png",
"position": {
"x": -111,
"y": 274
},
"tooltip_texture": "skilltree:textures/tooltip/keystone.png",
"tree": "skilltree:tree"
}
