{
"attribute_modifiers": [
{
"amount": 0.05,
"attribute": "minecraft:generic.attack_speed",
"operation": "multiply_base"
},
{
"amount": 0.05,
"attribute": "skilltree:stealth",
"operation": "multiply_base"
}
],
"background_texture": "skilltree:textures/icons/background/notable.png",
"button_size": 20,
"connections": [],
"icon_texture": "skilltree:textures/icons/hunter_subclass_1_offensive_notable_1.png",
"position": {
"x": 18,
"y": 300
},
"tooltip_texture": "skilltree:textures/tooltip/notable.png",
"tree": "skilltree:tree"
}
