{
"attribute_modifiers": [
{
"amount": 0.25,
"attribute": "skilltree:projectile_damage",
"operation": "multiply_base"
}
],
"background_texture": "skilltree:textures/icons/background/notable.png",
"button_size": 20,
"connections": [
"skilltree:hunter_offensive_4",
"skilltree:hunter_offensive_crafting_5",
"skilltree:hunter_subclass_1_defensive_1"
],
"icon_texture": "skilltree:textures/icons/hunter_offensive_notable_1.png",
"position": {
"x": -150,
"y": 176
},
"tooltip_texture": "skilltree:textures/tooltip/notable.png",
"tree": "skilltree:tree"
}
