{
"attribute_modifiers": [
{
"amount": 0.15,
"attribute": "skilltree:mining_speed",
"operation": "multiply_base"
}
],
"background_texture": "skilltree:textures/icons/background/class.png",
"button_size": 24,
"connections": [
"skilltree:miner_defensive_1",
"skilltree:miner_offensive_1",
"skilltree:miner_defensive_crafting_1",
"skilltree:miner_offensive_crafting_1",
"skilltree:miner_crafting_1"
],
"icon_texture": "skilltree:textures/icons/miner_class.png",
"position": {
"x": -444,
"y": 64
},
"starting_point": true,
"tooltip_texture": "skilltree:textures/tooltip/keystone.png",
"tree": "skilltree:tree"
}
